,role,location,url
0,"Senior Site Reliability Engineer, Core Infrastructure",Boston or Remote Americas,https://www.lifeatspotify.com/jobs/senior-site-reliability-engineer-core-infrastructure
1,Lead Platform Success Manager,New York or Remote Americas,https://www.lifeatspotify.com/jobs/lead-platform-success-manager
2,"Editorial Lead, UK&IE",London,https://www.lifeatspotify.com/jobs/editorial-lead-ukie
3,"Product Director, Growth Opportunities",New York or Remote Americas,https://www.lifeatspotify.com/jobs/product-director-growth-opportunities
4,Social Media Lead,Mumbai,https://www.lifeatspotify.com/jobs/social-media-lead
5,Podcast Marketing Manager,Mumbai,https://www.lifeatspotify.com/jobs/launch-marketing-manager
6,Account Manager,Mexico City,https://www.lifeatspotify.com/jobs/account-manager
7,"Senior Software Engineer, Platform",Stockholm or Remote EMEA,https://www.lifeatspotify.com/jobs/senior-software-engineer-platform
8,"Director of Product, Talk",New York,https://www.lifeatspotify.com/jobs/director-of-product-talk
9,"Senior Data Engineer, Core Infrastructure",New York or Remote Americas,https://www.lifeatspotify.com/jobs/senior-data-engineer-core-infrastructure
10,"Manager, Content FP&A",New York,https://www.lifeatspotify.com/jobs/manager-content-fpa
11,Campaign Manager India,Mumbai,https://www.lifeatspotify.com/jobs/campaign-manager-india
12,"Client Partner, AMP",Austin,https://www.lifeatspotify.com/jobs/client-partner-amp-3
13,"Client Partner, Entertainment",Los Angeles,https://www.lifeatspotify.com/jobs/client-partner-entertainment
14,"Client Partner, Pharmaceutical",New York,https://www.lifeatspotify.com/jobs/client-partner-pharmaceutical
15,"Senior Engineering Manager, Data Products",New York or Remote Americas,https://www.lifeatspotify.com/jobs/senior-engineering-manager-data-products-2
16,"Data Scientist, Content Analytics, Music Partnerships",New York or Remote Americas,https://www.lifeatspotify.com/jobs/data-scientist-content-analytics-music-partnerships
17,"Creator Partner Manager, GSA",Berlin,https://www.lifeatspotify.com/jobs/creator-partner-manager-gsa
18,"Senior Product Manager, Search Infrastructure",Barcelona,https://www.lifeatspotify.com/jobs/senior-product-manager-search-infrastructure-5
19,"Senior Product Manager, Personalization",Berlin,https://www.lifeatspotify.com/jobs/senior-product-manager-personalization-5
20,"Senior User Researcher, Data & Insights (Experimentation Platform)",Stockholm or Remote EMEA,https://www.lifeatspotify.com/jobs/senior-user-researcher-data-insights-experimentation-platform
21,"Client Partner, Finance & Insurance",New York,https://www.lifeatspotify.com/jobs/client-partner-finance-insurance
22,Music Sales Manager,Miami,https://www.lifeatspotify.com/jobs/music-sales-manager
23,"Backend Engineer, Advertising",New York or Remote Americas,https://www.lifeatspotify.com/jobs/backend-engineer-advertising
24,"Data Engineer, Advertising",New York or Remote Americas,https://www.lifeatspotify.com/jobs/data-engineer-advertising
25,"Senior Project Manager, Accounting & Finance",New York,https://www.lifeatspotify.com/jobs/senior-project-manager-accounting-finance
26,"Senior Full Stack Engineer, Backstage",New York or Remote Americas,https://www.lifeatspotify.com/jobs/senior-full-stack-engineer-backstage-3
27,"Senior Engineering Manager, Data Platform",London or Remote EMEA,https://www.lifeatspotify.com/jobs/senior-engineering-manager-data-platform-2
28,Artist & Label Partnerships Manager (Christian & Gospel Specialist) South Africa,Johannesburg,https://www.lifeatspotify.com/jobs/christian-gospel-specialist-artist-label-partnerships-manager-south-africa
29,"Group Product Manager, Data Processing",Stockholm or Remote EMEA,https://www.lifeatspotify.com/jobs/group-product-manager-data-processing-2
30,"Group Product Manager, Data Processing",New York or Remote Americas,https://www.lifeatspotify.com/jobs/group-product-manager-data-processing
31,"Senior Product Manager, Personalization",Barcelona,https://www.lifeatspotify.com/jobs/senior-product-manager-personalization-4
32,"Senior Product Manager, Search Infrastructure",Berlin,https://www.lifeatspotify.com/jobs/senior-product-manager-search-infrastructure-4
33,"Account Manager, Advertising",Atlanta,https://www.lifeatspotify.com/jobs/account-manager-advertising-5
34,"Social Media Lead, Campaign Content",New York,https://www.lifeatspotify.com/jobs/social-media-lead-campaign-content
35,"Program Manager, Global Insights Operations",Stockholm or Remote EMEA,https://www.lifeatspotify.com/jobs/program-manager-global-insights-strategy
36,"Senior Product Manager, Database Infrastructure (Cache)",New York or Remote Americas,https://www.lifeatspotify.com/jobs/senior-product-manager-storage-infrastructure-2
37,Legal Program Manager,New York,https://www.lifeatspotify.com/jobs/legal-program-manager
38,"Senior User Researcher, Design Platform",Stockholm or Remote EMEA,https://www.lifeatspotify.com/jobs/senior-user-researcher-design-platform
39,"Director of Insights, Platform Mission",New York or Remote Americas,https://www.lifeatspotify.com/jobs/director-of-insights-platform-mission-2
40,"Director of Insights, Platform Mission",Stockholm or Remote EMEA,https://www.lifeatspotify.com/jobs/director-of-insights-platform-mission
41,Product Design 2022 Summer Internship,New York or Remote Americas,https://www.lifeatspotify.com/jobs/product-design-2022-summer-internship
42,"Senior Engineering Manager, Self, Serve Advertising",New York or Remote Americas,https://www.lifeatspotify.com/jobs/senior-engineering-manager-self-serve-advertising
43,Programmatic/Automation Lead (Contract),Tokyo,https://www.lifeatspotify.com/jobs/programmatic-automation-lead-contract
44,"Senior Engineering Manager, Data Platform",New York or Remote Americas,https://www.lifeatspotify.com/jobs/senior-engineering-manager-data-platform
45,"Senior Data Scientist, Content Analytics, New Content Formats",New York or Remote Americas,https://www.lifeatspotify.com/jobs/senior-data-scientist-content-analytics-new-content-formats
46,"Associate Director, Audiobook Licensing",New York,https://www.lifeatspotify.com/jobs/associate-director-audiobook-licensing
47,Head of Music Expression Product,New York or Remote Americas,https://www.lifeatspotify.com/jobs/head-of-music-expression-product
48,"Senior Legal Counsel, Litigation & Copyright",New York,https://www.lifeatspotify.com/jobs/senior-legal-counsel-litigation-copyright
49,"Office Coordinator, Miami",Miami,https://www.lifeatspotify.com/jobs/office-coordinator-miami
50,"Client Partner, AMP",Dallas,https://www.lifeatspotify.com/jobs/client-partner-amp-2
51,"Customer Success Engineer, Backstage",Amsterdam or Remote EMEA,https://www.lifeatspotify.com/jobs/customer-success-engineer-backstage
52,"Campaign Management Lead, EMEA",London,https://www.lifeatspotify.com/jobs/campaign-management-lead-emea
53,IT Technician,Stockholm,https://www.lifeatspotify.com/jobs/it-technician-2
54,"Program Manager, Global Engineering Operations",Stockholm or Remote EMEA,https://www.lifeatspotify.com/jobs/program-manager-global-engineering-strategy
55,"Backend Engineer, Personalization",Atlanta or Remote Americas,https://www.lifeatspotify.com/jobs/backend-engineer-personalization-3
56,"Engineering Manager, Freemium",New York or Remote Americas,https://www.lifeatspotify.com/jobs/engineering-manager-freemium
57,Audience Operations Manager,New York or Remote Americas,https://www.lifeatspotify.com/jobs/audience-operations-manager
58,"Senior Data Engineer, Platform Mission",Gothenburg or Remote EMEA,https://www.lifeatspotify.com/jobs/senior-data-engineer-platform-mission
59,"Senior User Research Manager, Design Platform",Stockholm or Remote EMEA,https://www.lifeatspotify.com/jobs/senior-user-research-manager-design-platform
60,"Artist & Label Partnerships, Manager (US Indies)",Los Angeles,https://www.lifeatspotify.com/jobs/artist-label-partnerships-manager-us-indies
61,"Always, On Social Assistant Manager, Spotify India (6, month Contract)",Mumbai,https://www.lifeatspotify.com/jobs/always-on-social-assistant-manager-spotify-india-6-month-contract
62,"Editor Music and Culture, Hindi",Mumbai,https://www.lifeatspotify.com/jobs/editor-music-and-culture-hindi
63,"Client Partner, Philippines",Singapore,https://www.lifeatspotify.com/jobs/client-partner-philippines
64,"Senior Researcher, Marketing Insights",New York or Remote Americas,https://www.lifeatspotify.com/jobs/senior-researcher-marketing-insights
65,"Program and Operations Manager, R&D",Stockholm,https://www.lifeatspotify.com/jobs/program-and-operations-manager-rd
66,"Design Director, Personalization",Boston or Remote Americas,https://www.lifeatspotify.com/jobs/design-director-personalization
67,"Insights Director, Advertising Business",New York or Remote Americas,https://www.lifeatspotify.com/jobs/insights-director-advertising-business
68,R&D Interview Program Manager,New York or Remote Americas,https://www.lifeatspotify.com/jobs/rd-interview-program-manager
69,"Engineering Manager, Employee Identity and Access Management",New York or Remote Americas,https://www.lifeatspotify.com/jobs/engineering-manager-employee-identity-and-access-management
70,"Design Operations Lead, Consumer Experience Mission",Stockholm or Remote EMEA,https://www.lifeatspotify.com/jobs/design-operations-lead-consumer-experience-mission
71,"Sr. Partner Manager, Black Creators",Los Angeles,https://www.lifeatspotify.com/jobs/sr-partner-manager-black-creators
72,"Engineering Manager, Personalization",New York or Remote Americas,https://www.lifeatspotify.com/jobs/engineering-manager-personalization
73,"Product Designer, Differentiated Content Experience",New York or Remote Americas,https://www.lifeatspotify.com/jobs/product-designer-differentiated-content-experience
74,"Associate Data Scientist, Soundtrap, Freemium",Stockholm or Remote EMEA,https://www.lifeatspotify.com/jobs/associate-data-scientist-soundtrap-freemium
75,Music Business Development Manager,Los Angeles,https://www.lifeatspotify.com/jobs/music-business-development-manager-2
76,"Senior UX Writer, Consumer Experience Mission",London or Remote EMEA,https://www.lifeatspotify.com/jobs/senior-ux-writer-consumer-experience-mission
77,Procure to Pay Engineer (Coupa/Concur),New York or Remote Americas,https://www.lifeatspotify.com/jobs/procure-to-pay-engineer-coupa-concur
78,Senior NetSuite Functional Specialist,New York or Remote Americas,https://www.lifeatspotify.com/jobs/senior-netsuite-functional-specialist
79,"Backend Engineer, Fan Insights & Guidance",New York or Remote Americas,https://www.lifeatspotify.com/jobs/backend-engineer-fan-insights-guidance
80,"Senior Fullstack/Backend Engineer, Music Platform",New York or Remote Americas,https://www.lifeatspotify.com/jobs/senior-fullstack-backend-engineer-music-platform
81,"Senior Technical Recruiter, Leadership Recruiting",New York,https://www.lifeatspotify.com/jobs/senior-technical-recruiter-leadership-recruiting
82,"Performance Marketing, Emerging Markets Lead",London,https://www.lifeatspotify.com/jobs/performance-marketing-emea-lead
83,"Technology Vendor Program Manager, Platform",New York,https://www.lifeatspotify.com/jobs/vmo-program-manager
84,"Staff Designer, Platform",London or Remote EMEA,https://www.lifeatspotify.com/jobs/staff-designer-platform
85,"Senior Product Manager, Client Platform",Berlin or Remote EMEA,https://www.lifeatspotify.com/jobs/senior-product-manager-client-platform
86,"Software Engineer, Backend",New York or Remote Americas,https://www.lifeatspotify.com/jobs/software-engineer-backend
87,"Senior Product Designer, Growth Opportunities",New York or Remote Americas,https://www.lifeatspotify.com/jobs/senior-product-designer-growth-opportunities
88,"Project Manager, Music Product Strategy",Stockholm,https://www.lifeatspotify.com/jobs/project-manager-music-product-strategy
89,"Podcast Manager, Poland",Milan,https://www.lifeatspotify.com/jobs/podcast-manager-poland
90,"Marketing Manager, Philippines",Singapore,https://www.lifeatspotify.com/jobs/marketing-manager-philippines
91,"Web Engineer, Personalization",London or Remote EMEA,https://www.lifeatspotify.com/jobs/web-engineer-personalization
92,Revenue Accounting Operations Manager,New York,https://www.lifeatspotify.com/jobs/revenue-accounting-operations-manager
93,"iOS Engineer, Personalization",New York or Remote Americas,https://www.lifeatspotify.com/jobs/ios-engineer-personalization
94,Music Business Development Manager,New York,https://www.lifeatspotify.com/jobs/music-business-development-manager
95,"Policy Enforcement Ops Manager, Policy & Investigations Lead T&S",New York or Remote Americas,https://www.lifeatspotify.com/jobs/policy-enforcement-ops-manager-policy-investigations-lead-ts
96,"Product Designer, Ads Design System",New York or Remote Americas,https://www.lifeatspotify.com/jobs/product-designer-ads-design-system
97,"Senior Machine Learning Engineer, Native Ads",New York or Remote Americas,https://www.lifeatspotify.com/jobs/machine-learning-engineer-native-ads
98,"Senior Analyst, Procurement Operations",New York,https://www.lifeatspotify.com/jobs/senior-analyst-procurement-operations
99,"Senior Data Scientist, Global Strategy Operations, People",London,https://www.lifeatspotify.com/jobs/senior-data-scientist-global-strategy-operations-people
100,"User Researcher, Freemium",London or Remote EMEA,https://www.lifeatspotify.com/jobs/user-researcher-freemium
101,"Senior User Researcher, Commerce Platform",London or Remote EMEA,https://www.lifeatspotify.com/jobs/senior-user-researcher-commerce-platform
102,"Backend Engineer, Experience",New York,https://www.lifeatspotify.com/jobs/backend-engineer-experience
103,"Director of Engineering, Experience",New York or Remote Americas,https://www.lifeatspotify.com/jobs/director-of-engineering-experience-2
104,"Senior Technical Product Manager, Sales Operations, Advertising",New York,https://www.lifeatspotify.com/jobs/senior-technical-product-manager-sales-operations-advertising
105,"Manager, Indirect Tax, Compliance",Stockholm,https://www.lifeatspotify.com/jobs/manager-indirect-tax-compliance
106,"Senior Full Stack Engineer, Backstage",Stockholm,https://www.lifeatspotify.com/jobs/senior-full-stack-engineer-backstage-2
107,"Android Engineer, User Platform",Berlin or Remote EMEA,https://www.lifeatspotify.com/jobs/android-engineer-user-platform
108,"Associate, Insights & Activation, London",London,https://www.lifeatspotify.com/jobs/associate-insights-activation-london
109,"Senior Data Scientist, Experimentation",Stockholm or Remote EMEA,https://www.lifeatspotify.com/jobs/data-scientist-experimentation
110,"Client Partner, CPG Beauty",New York,https://www.lifeatspotify.com/jobs/client-partner-cpg-beauty
111,Studios Marketing Manager,Los Angeles,https://www.lifeatspotify.com/jobs/studios-marketing-manager-2
112,"Senior Product Manager, Search Infrastructure",Amsterdam,https://www.lifeatspotify.com/jobs/senior-product-manager-search-infrastructure-3
113,"Senior Product Manager, Search Infrastructure",Stockholm,https://www.lifeatspotify.com/jobs/senior-product-manager-search-infrastructure-2
114,"Senior Product Manager, Search Infrastructure",London,https://www.lifeatspotify.com/jobs/senior-product-manager-search-infrastructure
115,"Senior Product Manager, Platform & Partner Experience, Consumer Experience",Amsterdam or Remote EMEA,https://www.lifeatspotify.com/jobs/senior-product-manager-platform-partner-experience-consumer-experience
116,Senior Payroll Specialist,London,https://www.lifeatspotify.com/jobs/payroll-specialist
117,"Senior User Researcher, Innovation",London or Remote EMEA,https://www.lifeatspotify.com/jobs/user-researcher-innovation
118,"Site Reliability Engineer, Podsights",New York or Remote Americas,https://www.lifeatspotify.com/jobs/site-reliability-engineer-podsights
119,"Head of Internal Communications, Strategy Operations",Stockholm,https://www.lifeatspotify.com/jobs/head-of-internal-communications-strategy-operations-2
120,"Head of Internal Communications, Strategy Operations",London,https://www.lifeatspotify.com/jobs/head-of-internal-communications-strategy-operations
121,Consumer Product Marketing Lead,London,https://www.lifeatspotify.com/jobs/consumer-product-marketing-lead
122,"Software Engineer, Android Tooling",London or Remote EMEA,https://www.lifeatspotify.com/jobs/software-engineer-android-tooling
123,"iOS Engineer, Consumer Experience",Barcelona or Remote EMEA,https://www.lifeatspotify.com/jobs/ios-engineer-consumer-experience-2
124,Editorial Coordinator South Asia Subset,Dubai,https://www.lifeatspotify.com/jobs/editorial-coordinator-sas
125,Music Editor Philippines,Singapore,https://www.lifeatspotify.com/jobs/music-editor-philippines
126,"Project Manager, Publishing Operations APAC",Singapore,https://www.lifeatspotify.com/jobs/project-manager-publishing-operations-apac
127,"Campaign Management Lead, Business Operations",New York,https://www.lifeatspotify.com/jobs/campaign-management-lead-business-operations-2
128,"Campaign Management Lead, Business Operations",Chicago,https://www.lifeatspotify.com/jobs/campaign-management-lead-business-operations
129,"Senior Full Stack Engineer, Backstage",New York or Remote Americas,https://www.lifeatspotify.com/jobs/senior-full-stack-engineer-backstage
130,"Senior Product Manager, Personalization",London,https://www.lifeatspotify.com/jobs/senior-product-manager-personalization-3
131,"Designer II, Personalization Programming Platform",Amsterdam,https://www.lifeatspotify.com/jobs/designer-ii-personalization-programming-platform-3
132,"Designer II, Personalization Programming Platform",London,https://www.lifeatspotify.com/jobs/designer-ii-personalization-programming-platform-2
133,Partner Propositions Associate Director,London or Remote EMEA,https://www.lifeatspotify.com/jobs/partner-propositions-associate-director
134,"Category Development Officer, Retail",London,https://www.lifeatspotify.com/jobs/category-development-officer-retail
135,Artist Partnerships Lead (FC Barcelona),London or Remote EMEA,https://www.lifeatspotify.com/jobs/head-of-artist-partnerships-fc-barcelona
136,"Android Engineer, User Experience",New York or Remote Americas,https://www.lifeatspotify.com/jobs/android-engineer-user-experience
137,"iOS Engineer, User Experience",New York or Remote Americas,https://www.lifeatspotify.com/jobs/ios-engineer-user-experience
138,KPop Content Marketing Specialist,Seoul,https://www.lifeatspotify.com/jobs/kpop-content-marketing-specialist
139,"Manager, Accounts Payable",New York,https://www.lifeatspotify.com/jobs/manager-accounts-payable
140,"Senior Director of Engineering, Cloud Native Infrastructure",New York or Remote Americas,https://www.lifeatspotify.com/jobs/director-of-engineering-cloud-native-infrastructure
141,"SEO & Content Marketing Manager, Soundtrap",Stockholm or Remote EMEA,https://www.lifeatspotify.com/jobs/seo-content-marketing-manager-soundtrap
142,"Machine Learning Engineer, Personalization",New York,https://www.lifeatspotify.com/jobs/machine-learning-engineer-personalization
143,"Full Stack Developer, Backstage",New York or Remote EMEA,https://www.lifeatspotify.com/jobs/full-stack-developer-backstage
144,"Associate Manager, Global Content Strategy (EMEA)",London,https://www.lifeatspotify.com/jobs/associate-manager-global-content-strategy-emea
145,"Data Engineer, Advertising Technology",New York or Remote Americas,https://www.lifeatspotify.com/jobs/data-engineer-advertising-technology
146,"Data Scientist, Lifetime Value",Stockholm,https://www.lifeatspotify.com/jobs/data-scientist-lifetime-value
147,"Associate Manager, Product Marketing, Measurement",London or Remote EMEA,https://www.lifeatspotify.com/jobs/associate-product-marketing-manager-measurement
148,"Senior Data Scientist, Core Experience",New York or Remote Americas,https://www.lifeatspotify.com/jobs/senior-data-scientist-core-experience
149,Artist & Label Partnership Manager Telugu & Kannada,India (Home Mix),https://www.lifeatspotify.com/jobs/artist-label-partnership-manager-telugu-kannada
150,IT Technician,Boston,https://www.lifeatspotify.com/jobs/it-technician
151,Consumer Business Development Manager,New York,https://www.lifeatspotify.com/jobs/consumer-business-development-manager
152,"Backend Engineer, User Platform",Amsterdam or Remote EMEA,https://www.lifeatspotify.com/jobs/backend-engineer-user-platform-2
153,"Podcast Account Director, London",London,https://www.lifeatspotify.com/jobs/podcast-account-director-london
154,"Senior Machine Learning Engineer, Personalization",Boston,https://www.lifeatspotify.com/jobs/senior-machine-learning-engineer-personalization
155,"Account Manager, Advertising",Los Angeles,https://www.lifeatspotify.com/jobs/account-manager-advertising-3
156,"Operations Manager, Platform",Stockholm or Remote EMEA,https://www.lifeatspotify.com/jobs/operations-manager-platform
157,HRIS Analyst,India (Home Mix),https://www.lifeatspotify.com/jobs/hris-analyst-3
158,Senior Program Manager,Stockholm or Remote EMEA,https://www.lifeatspotify.com/jobs/senior-program-manager-2
159,"Senior Data Scientist, Platform Developer Experience",Stockholm or Remote EMEA,https://www.lifeatspotify.com/jobs/senior-data-scientist-platform-developer-experience-2
160,"Commercial Operations Associate, Spotify Studios",London,https://www.lifeatspotify.com/jobs/commercial-operations-associate-spotify-studios
161,Global Performance Marketing Manager,New York,https://www.lifeatspotify.com/jobs/global-performance-marketing-manager
162,"Senior Backend Engineer, Consumer Experience",Stockholm or Remote EMEA,https://www.lifeatspotify.com/jobs/senior-backend-engineer-consumer-experience
163,Marketing Manager,Mexico City,https://www.lifeatspotify.com/jobs/marketing-manager-mexico-city
164,"Senior Product Manager, Consumer Experience",New York,https://www.lifeatspotify.com/jobs/senior-product-manager-consumer-experience
165,"Group Product Manager, Enterprise Foundation",New York or Remote Americas,https://www.lifeatspotify.com/jobs/group-product-manager-enterprise-foundation
166,"Senior Front, End/Full Stack Engineer, Analytics Platform",New York or Remote Americas,https://www.lifeatspotify.com/jobs/senior-front-end-full-stack-engineer-analytics-platform
167,Premium Proposition Manager,London or Remote EMEA,https://www.lifeatspotify.com/jobs/premium-proposition-manager
168,"User Researcher, Podcast Publishers",New York or Remote Americas,https://www.lifeatspotify.com/jobs/user-researcher-podcast-publishers
169,"Senior Backend Engineer, Royalties and Reporting (Remote Eligible, EMEA)",London or Remote EMEA,https://www.lifeatspotify.com/jobs/senior-backend-engineer-royalties-and-reporting-remote-eligible-emea
170,Operations Generalist,New York,https://www.lifeatspotify.com/jobs/operations-generalist
171,"Manager, FP&A, Freemium",New York,https://www.lifeatspotify.com/jobs/manager-fpa-freemium
172,"Senior/Staff Product Designer, Performance Platform",New York or Remote Americas,https://www.lifeatspotify.com/jobs/senior-product-designer-performance-platform
173,"Research Scientist, Trust & Safety Research & Algorithmic Impact",United States of America (Home Mix),https://www.lifeatspotify.com/jobs/research-scientist-trust-safety-research-algorithmic-impact
174,"Senior Software Engineer (Backend), Financial Systems Integrations Platform",London or Remote EMEA,https://www.lifeatspotify.com/jobs/senior-backend-engineer-financial-systems-integrations
175,"Backend Engineer, Sales Engineering",New York or Remote Americas,https://www.lifeatspotify.com/jobs/backend-engineer-sales-engineering
176,"Senior Analyst, Treasury Operations & Risk",New York,https://www.lifeatspotify.com/jobs/senior-analyst-treasury-operations-risk
177,"Product Designer, Audiobooks & Gated Content",New York,https://www.lifeatspotify.com/jobs/product-designer-audiobooks-gated-content
178,"System Administrator, Legal & IA Systems",New York or Remote Americas,https://www.lifeatspotify.com/jobs/system-administrator-legal-ia-systems
179,"Product Manager, Core Experience",New York,https://www.lifeatspotify.com/jobs/product-manager-core-experience
180,Payments Partnerships Lead,London or Remote EMEA,https://www.lifeatspotify.com/jobs/payments-partnerships-lead
181,"Manager, Content Strategy & Business Development",New York,https://www.lifeatspotify.com/jobs/manager-content-strategy-business-development
182,"Strategy Manager, Finance Strategy Operations",New York,https://www.lifeatspotify.com/jobs/strategy-manager-finance-strategy-operations
183,"Data Storyteller, Communications",London,https://www.lifeatspotify.com/jobs/data-storyteller-communications
184,"Senior Product Designer, Talk",New York,https://www.lifeatspotify.com/jobs/senior-product-designer-talk
185,HRIS Analyst,Stockholm,https://www.lifeatspotify.com/jobs/hris-analyst
186,"Associate Director , Corporate Development",New York,https://www.lifeatspotify.com/jobs/associate-director-corporate-development
187,"Senior Backend Engineer, Composer",London,https://www.lifeatspotify.com/jobs/senior-backend-engineer-composer
188,"Senior Data Scientist, Platform Developer Experience",New York or Remote Americas,https://www.lifeatspotify.com/jobs/senior-data-scientist-platform-developer-experience
189,"Full Stack Engineer, Digital Workplace",Stockholm or Remote EMEA,https://www.lifeatspotify.com/jobs/full-stack-engineer-digital-workplace-2
190,"Senior Full Stack Engineer, Digital Workplace",Berlin or Remote EMEA,https://www.lifeatspotify.com/jobs/senior-full-stack-engineer-digital-workplace
191,"Full Stack Engineer, Digital Workplace",United Kingdom (Home Mix) or Remote EMEA,https://www.lifeatspotify.com/jobs/full-stack-engineer-digital-workplace
192,"Senior Product Manager, Database Infrastructure (Cache)",Stockholm or Remote EMEA,https://www.lifeatspotify.com/jobs/senior-product-manager-storage-infrastructure
193,"iOS Engineer, Spotify Live",New York or Remote Americas,https://www.lifeatspotify.com/jobs/ios-engineer-spotify-live
194,"Group Product Manager, Talk",New York,https://www.lifeatspotify.com/jobs/group-product-manager-talk
195,"Senior Product Manager, Content Intelligence",New York or Remote Americas,https://www.lifeatspotify.com/jobs/senior-product-manager-content-intelligence
196,"Fullstack Engineer, Audiobooks & Gated Content",Stockholm or Remote EMEA,https://www.lifeatspotify.com/jobs/fullstack-engineer-audiobooks-gated-content
197,"RPA, Senior Automation Developer",Stockholm,https://www.lifeatspotify.com/jobs/rpa-senior-automation-developer
198,"Senior Engineering Manager, Security",New York,https://www.lifeatspotify.com/jobs/senior-engineering-manager-spotify-security
199,"Manager, Corporate Development",New York,https://www.lifeatspotify.com/jobs/manager-corporate-development
200,"Senior Accountant, Content Accounting, Publishing",New York,https://www.lifeatspotify.com/jobs/senior-accountant-content-accounting
201,"Data Scientist, Growth Strategy",London or Remote EMEA,https://www.lifeatspotify.com/jobs/data-scientist-growth-strategy
202,Programmatic/Automation Lead (Contract),Singapore,https://www.lifeatspotify.com/jobs/automation-lead-japan-contract
203,"Android Engineer, Advertising",New York or Remote Americas,https://www.lifeatspotify.com/jobs/android-engineer-advertising-2
204,"Data Engineer, Platform",Stockholm or Remote EMEA,https://www.lifeatspotify.com/jobs/data-engineer-platform
205,"Staff Engineer, Platform Developer Experience",London or Remote EMEA,https://www.lifeatspotify.com/jobs/staff-engineer-platform-developer-experience
206,"Senior Product Designer, Core Experience, Trust & Safety",New York or Remote Americas,https://www.lifeatspotify.com/jobs/senior-product-designer-core-experience-trust-safety
207,"Senior Revenue Accountant, Music Ads",New York,https://www.lifeatspotify.com/jobs/senior-revenue-accountant
208,"Manager, Content Communications",Los Angeles,https://www.lifeatspotify.com/jobs/manager-content-communications
209,"Senior Product Designer, Music Promotion",New York or Remote Americas,https://www.lifeatspotify.com/jobs/senior-product-designer-music-promotion-2
210,"Senior Project Manager, Platform Consultancy",New York or Remote Americas,https://www.lifeatspotify.com/jobs/senior-project-manager-platform-consultancy
211,"Cloud Technology Category Manager, Tech Procurement",Amsterdam,https://www.lifeatspotify.com/jobs/cloud-technology-category-manager-tech-procurement
212,"Staff Typographer, Design Platform",London,https://www.lifeatspotify.com/jobs/staff-typographer-design-platform
213,"Technical Product Manager, Ad Serving",United States of America (Home Mix) or Remote Americas,https://www.lifeatspotify.com/jobs/technical-product-manager-ad-serving
214,"Campaign Manager, Amsterdam",Amsterdam,https://www.lifeatspotify.com/jobs/campaign-manager-amsterdam
215,"Engineering Manager, Platform Developer Experience",London or Remote EMEA,https://www.lifeatspotify.com/jobs/engineering-manager-platform-developer-experience
216,"Director of Engineering, Revenue (Financial Engineering)",New York or Remote Americas,https://www.lifeatspotify.com/jobs/director-of-engineering-advertising-revenue-fine
217,"Senior Product Manager, Soundtrap for Education",New York or Remote Americas,https://www.lifeatspotify.com/jobs/senior-product-manager-soundtrap-for-education
218,"Client Partner, CPG Beverages",New York,https://www.lifeatspotify.com/jobs/client-partner-cpg-beverages
219,"Designer II, Personalization Programming Platform",Stockholm,https://www.lifeatspotify.com/jobs/designer-ii-personalization-programming-platform
220,"Security Engineer, Threat Detection & Response",New York or Remote Americas,https://www.lifeatspotify.com/jobs/security-engineer-threat-detection-response
221,"Sr. Data Scientist, Spotify Live",New York or Remote Americas,https://www.lifeatspotify.com/jobs/sr-data-scientist-spotify-live
222,"Senior Manager, Product Design, Partner & Platform Experiences",London or Remote EMEA,https://www.lifeatspotify.com/jobs/senior-manager-product-design-partner-platform-experiences
223,"Backend Engineer, Podsights",New York or Remote Americas,https://www.lifeatspotify.com/jobs/backend-engineer-podsights
224,Technical Partnership Manager,New York,https://www.lifeatspotify.com/jobs/technical-partnership-manager
225,"Manager, Internal Audit",New York,https://www.lifeatspotify.com/jobs/manager-internal-audit
226,"Network Engineer, Global Workplace Services",New York,https://www.lifeatspotify.com/jobs/network-engineer-global-workplace-services
227,"Social Media Lead, Global Synergy/Product",New York,https://www.lifeatspotify.com/jobs/social-media-lead-global-synergy-product
228,"Sr. Design Manager, User Platform",London or Remote EMEA,https://www.lifeatspotify.com/jobs/sr-design-manager-user-platform
229,"Senior Product Designer, Core Experience",New York or Remote Americas,https://www.lifeatspotify.com/jobs/senior-product-designer-core-experience-2
230,"Podcast Production Coordinator, Indonesia (4 months contract)",Singapore,https://www.lifeatspotify.com/jobs/podcast-production-coordinator-indonesia-4-months-contract
231,"Product Designer, Activation",London or Remote EMEA,https://www.lifeatspotify.com/jobs/product-designer-activation
232,Partnerships & Business Development Manager SEA,Singapore,https://www.lifeatspotify.com/jobs/partnerships-business-development-manager-sea
233,"Podcast Production Coordinator, Philippines (3 months Contract)",Singapore,https://www.lifeatspotify.com/jobs/podcast-production-coordinator-philippines-4-months-contract
234,"Sr. Manager, Content Business + Innovation Ops",New York,https://www.lifeatspotify.com/jobs/sr-manager-business-operations-and-market-intelligence-content-ads-bu
235,"Senior Product Manager, Personalization",Stockholm,https://www.lifeatspotify.com/jobs/senior-product-manager-personalization-2
236,"Senior Product Manager, Personalization",Amsterdam,https://www.lifeatspotify.com/jobs/senior-product-manager-personalization
237,"Senior Analyst, Internal Audit, IT (Tech Pillar)",New York,https://www.lifeatspotify.com/jobs/senior-analyst-internal-audit-it
238,"Megaphone Publisher Solutions, Associate Manager",Berlin,https://www.lifeatspotify.com/jobs/megaphone-publisher-solutions-associate-manager
239,"Manager, Brand & Culture Consumer Communications",New York,https://www.lifeatspotify.com/jobs/manager-brand-culture-consumer-communications
240,"Account Manager, Amsterdam",Amsterdam,https://www.lifeatspotify.com/jobs/account-manager-amsterdam
241,"Staff Web Engineer, Podcast Monetization",New York or Remote Americas,https://www.lifeatspotify.com/jobs/staff-web-engineer-megaphone
242,"Senior iOS Engineer (Remote Eligible, Americas)",New York or Remote Americas,https://www.lifeatspotify.com/jobs/senior-ios-engineer-remote-eligible-americas
243,"Senior Product Designer, Core Experience",Stockholm or Remote EMEA,https://www.lifeatspotify.com/jobs/senior-product-designer-core-experience
244,"Director of Engineering, Personalization",New York or Remote Americas,https://www.lifeatspotify.com/jobs/director-of-engineering-personalization
245,"Engineering Manager, Machine Learning Platform",New York or Remote Americas,https://www.lifeatspotify.com/jobs/engineering-manager-machine-learning-platform
246,"Android Engineer, Consumer Experience",Berlin or Remote EMEA,https://www.lifeatspotify.com/jobs/android-engineer-consumer-experience-3
247,"Senior Analytics Engineer, Client Platform",Stockholm or Remote EMEA,https://www.lifeatspotify.com/jobs/senior-analytics-engineer-client-platform
248,"Associate, Advertising Analytics, London",London,https://www.lifeatspotify.com/jobs/associate-advertising-analytics
249,Sound Up Program Manager,London,https://www.lifeatspotify.com/jobs/sound-up-program-manager
250,"Campaign Management Lead, Business Operations JAPAC",Sydney,https://www.lifeatspotify.com/jobs/campaign-management-lead-business-operations-japac
251,"Senior Data Scientist, Music Expression",New York or Remote Americas,https://www.lifeatspotify.com/jobs/senior-data-scientist-music-expression
252,"Senior Backend Engineer, Personalization",Miami or Remote Americas,https://www.lifeatspotify.com/jobs/senior-backend-engineer-personalization-2
253,Global Growth Senior Marketing Manager,London,https://www.lifeatspotify.com/jobs/global-growth-senior-marketing-manager
254,Marketing Technology & Operations Manager,New York,https://www.lifeatspotify.com/jobs/marketing-technology-operations-manager
255,"Android Engineer, Premium Offering",New York or Remote Americas,https://www.lifeatspotify.com/jobs/android-engineer-premium-offering
256,Client Partner ANZ,Sydney,https://www.lifeatspotify.com/jobs/client-partner-anz
257,"Platform Success Engineer, Podsights",New York or Remote Americas,https://www.lifeatspotify.com/jobs/platform-success-engineer-podsights
258,"Analytics Engineer, Ads Insights",New York or Remote Americas,https://www.lifeatspotify.com/jobs/analytics-engineer-ads-insights
259,"Account Director, Agency, Hamburg",Hamburg,https://www.lifeatspotify.com/jobs/account-director-agency-hamburg
260,"Account Director, Nordics",Stockholm,https://www.lifeatspotify.com/jobs/account-director-nordics
261,"Senior Android Engineer, Advertising",New York or Remote Americas,https://www.lifeatspotify.com/jobs/android-engineer-advertising
262,Global Growth Marketing Associate,London,https://www.lifeatspotify.com/jobs/global-growth-marketing-coordinator
263,"Director, Global Advertising Brand Safety",New York or Remote Americas,https://www.lifeatspotify.com/jobs/director-global-advertising-brand-safety
264,"Product Manager, Catalog Foundations",Stockholm,https://www.lifeatspotify.com/jobs/product-manager-catalog-foundations-2
265,"Agile Operations Manager, Client Platform",Stockholm or Remote EMEA,https://www.lifeatspotify.com/jobs/agile-operations-manager-client-platform
266,"Analytics Engineer, Freemium",London or Remote EMEA,https://www.lifeatspotify.com/jobs/analytics-engineer-freemium
267,"Senior Product Designer, Analytics Platform",New York or Remote Americas,https://www.lifeatspotify.com/jobs/senior-product-designer-analytics-platform
268,"Senior Product Insights Manager, Freemium",London or Remote EMEA,https://www.lifeatspotify.com/jobs/senior-product-insights-manager-freemium
269,"Data Science Manager, Growth",London or Remote EMEA,https://www.lifeatspotify.com/jobs/data-science-manager-growth
270,"Megaphone Publisher Solutions, Manager, Milan",Milan,https://www.lifeatspotify.com/jobs/megaphone-publisher-solutions-manager
271,"Android Engineer, Client Platform",London or Remote EMEA,https://www.lifeatspotify.com/jobs/android-engineer-client-platform
272,"Senior Backend Engineer, Personalization",Stockholm or Remote EMEA,https://www.lifeatspotify.com/jobs/senior-backend-engineer-personalization
273,"iOS Engineer, Consumer Experience",Amsterdam or Remote EMEA,https://www.lifeatspotify.com/jobs/ios-engineer-consumer-experience
274,"Senior Product Designer, Data Foundations",New York or Remote Americas,https://www.lifeatspotify.com/jobs/senior-product-designer-data-insights
275,"Creator Operations & Policy Lead, Talk",New York or Remote Americas,https://www.lifeatspotify.com/jobs/creator-operations-policy-lead-talk
276,"Staff Data Scientist, Advertising Sales and Operations",New York or Remote Americas,https://www.lifeatspotify.com/jobs/staff-data-scientist-advertising-sales-and-operations
277,Client Partner Indonesia,Singapore,https://www.lifeatspotify.com/jobs/client-partner-indonesia
278,"Client Partner, CPG",Chicago,https://www.lifeatspotify.com/jobs/client-partner-cpg
279,Video & Animation Producer,New York,https://www.lifeatspotify.com/jobs/video-animation-producer
280,"Policy Manager, Trust & Safety",New York,https://www.lifeatspotify.com/jobs/policy-manager-trust-safety
281,"Communications Manager, Andean Region",Bogot√°,https://www.lifeatspotify.com/jobs/communications-manager-andean-region
282,"Account Director, Fashion & Luxury",Milan,https://www.lifeatspotify.com/jobs/account-director-fashion-luxury
283,Manager Label Business Affairs,Mumbai,https://www.lifeatspotify.com/jobs/manager-label-business-affairs
284,"Client Partner, AMP",New York,https://www.lifeatspotify.com/jobs/client-partner-amp
285,"Insights Manager, Market Research, Talk",New York or Remote Americas,https://www.lifeatspotify.com/jobs/insights-manager-market-research-talk
286,"Senior Android Engineer, Main App Quality",New York or Remote Americas,https://www.lifeatspotify.com/jobs/senior-android-engineer-main-app-quality
287,"Design Manager, Growth Opportunities",New York or Remote Americas,https://www.lifeatspotify.com/jobs/design-manager-growth-opportunities
288,"Senior Machine Learning Engineer, Voice Personalization",Boston,https://www.lifeatspotify.com/jobs/senior-machine-learning-engineer-voice-personalization
289,"Senior Data Engineer, Personalization",Boston or Remote Americas,https://www.lifeatspotify.com/jobs/senior-data-engineer-personalization
290,"Global Category Development Officer, CPG",Chicago or Remote Americas,https://www.lifeatspotify.com/jobs/global-category-development-officer-cpg
291,"Engineering Manager, Audiobooks and Gated Content",New York or Remote Americas,https://www.lifeatspotify.com/jobs/engineering-manager-audiobooks-and-gated-content
292,"Brand Marketing Manager, Noteable (Songwriters, Producers, & Publishers)",New York or Remote Americas,https://www.lifeatspotify.com/jobs/brand-marketing-manager-noteable-songwriters-producers-publishers
293,"Senior Product Designer, Ads Design System, Ads Performance Platform",New York or Remote Americas,https://www.lifeatspotify.com/jobs/senior-product-designer-ads-design-system-ads-performance-platform
294,Legal Counsel,New York,https://www.lifeatspotify.com/jobs/legal-counsel-2
295,"Staff Machine Learning Engineer, Rewards",New York,https://www.lifeatspotify.com/jobs/staff-machine-learning-engineer-rewards
296,"Staff Machine Learning Engineer, Home Ranking",New York,https://www.lifeatspotify.com/jobs/staff-machine-learning-engineer-lifetime-value
297,"Senior Data Engineer, Financial Data Products",Stockholm or Remote EMEA,https://www.lifeatspotify.com/jobs/senior-data-engineer-financial-data-products
298,"Machine Learning Engineering Manager, Freemium",New York or Remote Americas,https://www.lifeatspotify.com/jobs/machine-learning-engineering-manager-freemium-2
299,"Director of Engineering, Experience",Stockholm or Remote EMEA,https://www.lifeatspotify.com/jobs/director-of-engineering-experience
300,"Android Engineer, Consumer Experience",Madrid or Remote EMEA,https://www.lifeatspotify.com/jobs/android-engineer-consumer-experience
301,Data Scientist,Mumbai,https://www.lifeatspotify.com/jobs/data-scientist
302,"Data Engineer, Personalization",New York or Remote Americas,https://www.lifeatspotify.com/jobs/data-engineer-personalization-2
303,"Solutions Engineer, Tooling, Integrations, & Labs, Advertising",New York or Remote Americas,https://www.lifeatspotify.com/jobs/solutions-engineer-tooling-integrations-labs-advertising
304,"Full Stack Engineer, Integrations, Tooling, Integrations, & Labs, Advertising",New York or Remote Americas,https://www.lifeatspotify.com/jobs/full-stack-engineer-integrations-tooling-integrations-labs-advertising
305,Marketing Technology Engineer,New York or Remote Americas,https://www.lifeatspotify.com/jobs/data-engineer-marketing-technology
306,"Senior/User Researcher, Formats & Machine Learning",New York or Remote Americas,https://www.lifeatspotify.com/jobs/senior-user-researcher-formats-machine-learning
307,Agency Development Lead,Berlin,https://www.lifeatspotify.com/jobs/agency-development-lead-2
308,"Principal Product Manager Play X, Consumer Experience",Stockholm,https://www.lifeatspotify.com/jobs/principal-product-manager-play-x-consumer-experience
309,Agency Development Lead,London,https://www.lifeatspotify.com/jobs/agency-development-lead
310,"Staff Backend Engineer, Personalization",New York,https://www.lifeatspotify.com/jobs/staff-backend-engineer-personalization
311,"Senior Product Manager, Cloud Foundations",Stockholm or Remote EMEA,https://www.lifeatspotify.com/jobs/senior-product-manager-cloud-foundations-2
312,Creator Partner Manager South,India (Home Mix),https://www.lifeatspotify.com/jobs/creator-partner-manager-south
313,"Data Scientist, Advertising Economics",New York or Remote Americas,https://www.lifeatspotify.com/jobs/data-scientist-advertising-economics
314,"Engineering Manager, Consumer Experience",New York or Remote Americas,https://www.lifeatspotify.com/jobs/engineering-manager-consumer-experience
315,Studios Marketing Manager,Tokyo,https://www.lifeatspotify.com/jobs/studios-marketing-manager
316,"Media Manager, Japan",Tokyo,https://www.lifeatspotify.com/jobs/media-manager-japan
317,"Senior Manager, Government Affairs, Europe",Stockholm,https://www.lifeatspotify.com/jobs/government-affairs-manager-europe
318,"Program Manager, Financial Engineering",London or Remote EMEA,https://www.lifeatspotify.com/jobs/program-manager-financial-engineering-2
319,"Backend Engineer, Spotify for Artists, Growth",New York or Remote Americas,https://www.lifeatspotify.com/jobs/backend-engineer-spotify-for-artists-growth
320,"Data Engineer, Personalization",New York or Remote Americas,https://www.lifeatspotify.com/jobs/data-engineer-personalization
321,"Senior Engineering Manager, Personalization",New York or Remote Americas,https://www.lifeatspotify.com/jobs/engineering-manager-personalization-2
322,"Full Stack Engineer, Cost Engineering",New York or Remote Americas,https://www.lifeatspotify.com/jobs/full-stack-engineer-cost-engineering
323,"Sales Trainer, Advertising Partners",New York or Remote Americas,https://www.lifeatspotify.com/jobs/sales-trainer-advertising-partners
324,"Creative Director, Creator Marketing, Talk",New York or Remote Americas,https://www.lifeatspotify.com/jobs/creative-director-creator-marketing-talk
325,"Talent Booker, The Ringer",United States of America (Home Mix) or Remote Americas,https://www.lifeatspotify.com/jobs/talent-booker-the-ringer
326,"Backend Engineer, Observability Infrastructure",New York or Remote Americas,https://www.lifeatspotify.com/jobs/backend-engineer-observability-infrastructure
327,Music Marketing Lead,Mumbai,https://www.lifeatspotify.com/jobs/music-marketing-lead
328,"Senior Product Manager, Cloud Foundations",New York or Remote Americas,https://www.lifeatspotify.com/jobs/senior-product-manager-cloud-foundations
329,"Sr. Policy Support Specialist, QA, T&S",New York or Remote Americas,https://www.lifeatspotify.com/jobs/sr-policy-support-specialist-qa-ts
330,"Senior Manager, Product Design, Personalized Listening Experiences",Atlanta,https://www.lifeatspotify.com/jobs/senior-manager-product-design-personalized-listening-experiences-3
331,"Machine Learning Engineering Manager, Personalization",New York or Remote Americas,https://www.lifeatspotify.com/jobs/machine-learning-engineering-manager-personalization
332,"Experienced Backend/Full, stack Engineer, Fan Insights & Guidance",New York or Remote Americas,https://www.lifeatspotify.com/jobs/experienced-backend-full-stack-engineer-fan-insights-guidance
333,"Senior User Researcher, Platform Developer Experience",Stockholm or Remote EMEA,https://www.lifeatspotify.com/jobs/senior-user-researcher-platform-developer-experience
334,"Senior Manager, Product Design, Personalized Listening Experiences",Boston,https://www.lifeatspotify.com/jobs/senior-manager-product-design-personalized-listening-experiences-2
335,"Senior User Researcher, Personalization",New York,https://www.lifeatspotify.com/jobs/senior-user-researcher-personalization-2
336,"Engineering Manager, Self Serve Ad Studio, Payments Team",New York or Remote Americas,https://www.lifeatspotify.com/jobs/engineering-manager-self-serve-ad-studio-payments-team
337,"Global Category Development Officer, CPG",New York or Remote Americas,https://www.lifeatspotify.com/jobs/category-development-officer-health-wellness-personal-care
338,"Associate Director, Payments Growth Optimisation",London or Remote EMEA,https://www.lifeatspotify.com/jobs/associate-director-payments-growth-optimisation
339,"Senior Data Engineer, Experience Mission",Stockholm or Remote EMEA,https://www.lifeatspotify.com/jobs/senior-data-engineer-experience-mission
340,Engineering Manager: Royalties & Reporting,New York or Remote Americas,https://www.lifeatspotify.com/jobs/engineering-manager-royalties-reporting
341,"Senior Android Engineer, Spotify For Artists Experience",New York or Remote Americas,https://www.lifeatspotify.com/jobs/android-engineer-spotify-for-artists-experience
342,Music and Content Partnership Marketing Manager,Tokyo,https://www.lifeatspotify.com/jobs/music-and-content-partnership-marketing-manager
343,"Data/Back, End Engineer, Analytics Platform",New York or Remote Americas,https://www.lifeatspotify.com/jobs/data-engineer-analytics-platform
344,"Senior Backend Engineer, Analytics Platform",New York or Remote Americas,https://www.lifeatspotify.com/jobs/senior-backend-engineer-analytics-platform
345,"Senior Analyst, Sales Operations & Strategy, Americas",New York or Remote Americas,https://www.lifeatspotify.com/jobs/senior-analyst-sales-operations-strategy-americas
346,"Senior Technical Product Manager, Podcast Monetization",New York or Remote Americas,https://www.lifeatspotify.com/jobs/senior-technical-product-manager-podcast-monetization
347,"Data Scientist, Growth, Talk",New York or Remote Americas,https://www.lifeatspotify.com/jobs/data-scientist-growth-talk
348,"Associate Analytics Engineer, Direct Guaranteed, Ads R&D",New York or Remote Americas,https://www.lifeatspotify.com/jobs/associate-analytics-engineer-direct-guaranteed-ads-rd
349,"Senior Solution Engineer, Machine Learning Platform",New York or Remote Americas,https://www.lifeatspotify.com/jobs/senior-solution-engineer-machine-learning-platform
350,"Engineering Manager, Data Platform, Consumer Experience",Stockholm or Remote EMEA,https://www.lifeatspotify.com/jobs/engineering-manager-data-platform-consumer-experience
351,"Senior Product Manager, Cloud Compute",New York or Remote Americas,https://www.lifeatspotify.com/jobs/senior-product-manager-cloud-compute
352,"Ad Studio Country Lead, Berlin",Berlin,https://www.lifeatspotify.com/jobs/ad-studio-country-lead-berlin
353,"Senior Data Engineer, Customer Journey",Stockholm or Remote EMEA,https://www.lifeatspotify.com/jobs/senior-data-engineer-customer-journey
354,Head of Sales Japan,Tokyo,https://www.lifeatspotify.com/jobs/head-of-sales-japan
355,"Engineering Manager, Spotify for Teams",New York or Remote Americas,https://www.lifeatspotify.com/jobs/engineering-manager-spotify-for-teams
356,"Data Engineer, Fanatic",New York or Remote Americas,https://www.lifeatspotify.com/jobs/data-engineer-fanatic
357,"Senior Manager, Product Design, Personalized Listening Experiences",New York,https://www.lifeatspotify.com/jobs/senior-manager-product-design-personalized-listening-experiences
358,"Senior Backend Engineer, Fan Commerce",New York or Remote Americas,https://www.lifeatspotify.com/jobs/senior-backend-engineer-fan-commerce
359,"Senior Backend Engineer, Creator Studio",New York or Remote Americas,https://www.lifeatspotify.com/jobs/senior-backend-engineer-creator-studio
360,"Backend/Data Engineer, Creator Studio",New York or Remote Americas,https://www.lifeatspotify.com/jobs/backend-data-engineer-creator-studio
361,"Design Manager, Editorial, LatAm",Miami,https://www.lifeatspotify.com/jobs/design-manager-editorial-latam
362,"Data Engineer, Experience",Stockholm or Remote EMEA,https://www.lifeatspotify.com/jobs/data-engineer-experience
363,"Backend Engineer, Personalization",Stockholm or Remote EMEA,https://www.lifeatspotify.com/jobs/backend-engineer-personalization-2
364,"Program Manager, Financial Engineering",New York or Remote Americas,https://www.lifeatspotify.com/jobs/program-manager-financial-engineering
365,"Backend Engineer, Freemium",Stockholm or Remote EMEA,https://www.lifeatspotify.com/jobs/backend-engineer-freemium
366,"Product Designer, Editorial Design",New York or Remote Americas,https://www.lifeatspotify.com/jobs/product-designer-editorial-design
367,"Engineering Manager, Financial Systems",London or Remote EMEA,https://www.lifeatspotify.com/jobs/engineering-manager-financial-systems
368,"Product Manager, Security",Stockholm or Remote EMEA,https://www.lifeatspotify.com/jobs/product-manager-security-2
369,"Product Manager, Security",New York or Remote Americas,https://www.lifeatspotify.com/jobs/product-manager-security
370,"Group Product Manager, Security",New York or Remote Americas,https://www.lifeatspotify.com/jobs/group-product-manager-security
371,"Senior Backend Engineer, Freemium",London or Remote EMEA,https://www.lifeatspotify.com/jobs/senior-backend-engineer-freemium-remote-eligible-emea
372,"Site Reliability Engineer, Music Vertical Platform",New York,https://www.lifeatspotify.com/jobs/site-reliability-engineer-music-vertical-platform
373,"Full Stack Engineer, Developer Experience",New York or Remote Americas,https://www.lifeatspotify.com/jobs/backend-engineer
374,Ad Sales Systems Specialist,Los Angeles or Remote Americas,https://www.lifeatspotify.com/jobs/ad-sales-systems-specialist
375,Podcast and Community Communications Manager,S√£o Paulo,https://www.lifeatspotify.com/jobs/podcast-and-community-communications-manager
376,"Web Engineer, Advertising",New York or Remote Americas,https://www.lifeatspotify.com/jobs/web-engineer-advertising-2
377,"Site Reliability Engineer, Digital Workplace (Identity Access Management)",Stockholm or Remote EMEA,https://www.lifeatspotify.com/jobs/site-reliability-engineer-digital-workplace-identity-access-management-2
378,"Site Reliability Engineer, Digital Workplace (Identity Access Management)",Berlin or Remote EMEA,https://www.lifeatspotify.com/jobs/site-reliability-engineer-digital-workplace-identity-access-management
379,"Senior Data Scientist, Advertising Product Innovation",New York or Remote Americas,https://www.lifeatspotify.com/jobs/senior-data-scientist-performance-platform
380,Campaign Manager,Mexico City or Remote Americas,https://www.lifeatspotify.com/jobs/campaign-manager-2
381,"Analytics Engineer, Audiobooks & Gated Content",New York or Remote EMEA,https://www.lifeatspotify.com/jobs/analytics-engineer-audiobooks-gated-content
382,"Research Scientist, Language Technologies",Boston,https://www.lifeatspotify.com/jobs/research-scientist-language-technologies
383,"Backend Engineer, Core Infrastructure",Stockholm or Remote EMEA,https://www.lifeatspotify.com/jobs/backend-engineer-core-infrastructure-4
384,"Senior Analytics Engineer, Music Vertical Platform",New York or Remote Americas,https://www.lifeatspotify.com/jobs/analytics-engineer-spotify-for-artists
385,"Solutions Architect, Robotic Process Automation",New York or Remote Americas,https://www.lifeatspotify.com/jobs/solutions-architect-robotic-process-automation
386,"Robotic Process Automation, Feasibility Lead Developer",New York or Remote Americas,https://www.lifeatspotify.com/jobs/robotic-process-automation-feasibility-lead-developer
387,"Backend Engineer, Reliability",Boston or Remote Americas,https://www.lifeatspotify.com/jobs/backend-engineer-reliability
388,"Backend Engineer, Consumer Experience",Copenhagen or Remote EMEA,https://www.lifeatspotify.com/jobs/backend-engineer-consumer-experience
389,"Senior Machine Learning Engineer, Content Intelligence",New York or Remote Americas,https://www.lifeatspotify.com/jobs/staff-machine-learning-engineer-content-intelligence
390,"Full Stack Engineer, Spotify for Developers",Stockholm or Remote EMEA,https://www.lifeatspotify.com/jobs/full-stack-engineer-spotify-for-developers
391,"Senior Engineering Manager, Talk",New York or Remote Americas,https://www.lifeatspotify.com/jobs/senior-engineering-manager-talk
392,"Staff Researcher/ Research Scientist, Trust & Safety",New York or Remote Americas,https://www.lifeatspotify.com/jobs/staff-researcher-research-scientist-trust-safety
393,"Full Stack Engineer, Backstage",Madrid or Remote EMEA,https://www.lifeatspotify.com/jobs/fullstack-engineer-backstage
394,"Senior Backend Engineer, Machine Learning (Remote Eligible, Americas)",New York or Remote Americas,https://www.lifeatspotify.com/jobs/senior-backend-engineer-machine-learning-remote-eligible-americas
395,"Senior Machine Learning Engineer (Remote Eligible, Americas)",New York or Remote Americas,https://www.lifeatspotify.com/jobs/senior-machine-learning-engineer-remote-eligible-americas
396,"Backend Engineer, Core Infrastructure",New York or Remote Americas,https://www.lifeatspotify.com/jobs/backend-engineer-core-infrastructure-3
397,"Engineering Manager, Self Serve Ad Studio",New York or Remote Americas,https://www.lifeatspotify.com/jobs/engineering-manager-self-serve-ad-studio-2
398,"Engineering Manager, Messaging Platform",New York or Remote Americas,https://www.lifeatspotify.com/jobs/engineering-manager-messaging-platform
399,"Senior Product Designer, Music Vertical Platform",New York or Remote Americas,https://www.lifeatspotify.com/jobs/senior-product-designer-music-vertical-platform
400,"User Researcher, Content Experiences",New York or Remote Americas,https://www.lifeatspotify.com/jobs/user-researcher-content-experiences
401,"Senior Android Engineer, Freemium",Berlin or Remote EMEA,https://www.lifeatspotify.com/jobs/senior-android-engineer-freemium
402,"Senior iOS Engineer, Freemium",Berlin or Remote EMEA,https://www.lifeatspotify.com/jobs/senior-ios-engineer-freemium
403,"Senior Engineering Manager, Ad Formats, Client Platform",New York or Remote Americas,https://www.lifeatspotify.com/jobs/senior-engineering-manager-ad-formats-client-platform
404,"Senior Engineering Manager, Data Products",New York or Remote Americas,https://www.lifeatspotify.com/jobs/senior-engineering-manager-data-products
405,"Staff Accountant, Content Accounting",New York,https://www.lifeatspotify.com/jobs/staff-accountant-content-accounting
406,"Engineering Manager, Messaging Applications",New York or Remote Americas,https://www.lifeatspotify.com/jobs/engineering-manager-messaging
407,"Account Manager, Advertising",London,https://www.lifeatspotify.com/jobs/account-manager-advertising
408,"Advertising Account Manager, Multi, Market",London,https://www.lifeatspotify.com/jobs/advertising-account-manager-multi-market
409,"Backend Engineer, Compliance",Stockholm or Remote EMEA,https://www.lifeatspotify.com/jobs/backend-engineer-compliance
410,"Senior Full Stack Engineer, Legal & IA Systems",New York,https://www.lifeatspotify.com/jobs/senior-full-stack-engineer-legal-ia-systems
411,"Studio Content Development Lead, Japan",Tokyo,https://www.lifeatspotify.com/jobs/studio-content-development-lead-japan
412,"Research Scientist, Semantic Search & Knowledge Representation",London,https://www.lifeatspotify.com/jobs/research-scientist-semantic-search-knowledge-representation
413,"Trends and Future Forecaster, Innovation + Market Intelligence",New York,https://www.lifeatspotify.com/jobs/senior-manager-innovation-and-market-intelligence
414,"Product Manager, Commerce Platform",London or Remote EMEA,https://www.lifeatspotify.com/jobs/product-manager-commerce-platform
415,"Technical Manager, Programmatic, Business Operations",New York or Remote Americas,https://www.lifeatspotify.com/jobs/technical-manager-automation-business-operations
416,"Manager, Sales Operations & Strategy, North America",New York or Remote Americas,https://www.lifeatspotify.com/jobs/manager-sales-operations-strategy-north-america
417,"iOS Engineer, Freemium",London or Remote EMEA,https://www.lifeatspotify.com/jobs/ios-engineer-freemium
418,"Account Director, D√ºsseldorf, Fixed Term Contract",D√ºsseldorf,https://www.lifeatspotify.com/jobs/account-director-dusseldorf
419,"Account Manager, D√ºsseldorf",D√ºsseldorf,https://www.lifeatspotify.com/jobs/account-manager-dusseldorf
420,"Product Designer, Paid and Organic Growth",New York or Remote Americas,https://www.lifeatspotify.com/jobs/product-designer-organic-growth
421,"Backend Engineer, Music Insights for Creators Platform, Integration Team",New York or Remote Americas,https://www.lifeatspotify.com/jobs/backend-engineer-music-insights-for-creators-platform-integration-team
422,"Senior Technical Product Manager, Forecasting & Reporting",New York or Remote Americas,https://www.lifeatspotify.com/jobs/technical-product-manager-forecasting-reporting
423,"Senior Software Development Engineer in Test Automation, Financial Systems",Stockholm or Remote EMEA,https://www.lifeatspotify.com/jobs/software-development-engineer-in-test-automation-financial-systems
424,"Staff Engineer, Platform & Partner Experience",Stockholm or Remote EMEA,https://www.lifeatspotify.com/jobs/staff-engineer-platform-partner-experience
425,KPop Brand/Music Marketing Lead,Singapore,https://www.lifeatspotify.com/jobs/k-pop-brand-music-marketing-lead
426,"Backend Engineer, Release",London or Remote EMEA,https://www.lifeatspotify.com/jobs/backend-engineer-release
427,"Product Director, Personalization",Boston or Remote Americas,https://www.lifeatspotify.com/jobs/product-director-personalization
428,"Manager, Payroll North America",New York,https://www.lifeatspotify.com/jobs/manager-payroll-north-america
429,"Senior Revenue Accountant, Podcasts",New York,https://www.lifeatspotify.com/jobs/senior-revenue-accountant-podcasts
430,"Senior Data Engineer, Platform",New York or Remote Americas,https://www.lifeatspotify.com/jobs/senior-data-engineer-platform-2
431,"Staff Software Engineer, Content Platform",Stockholm or Remote EMEA,https://www.lifeatspotify.com/jobs/staff-software-engineer-content-platform
432,"User Researcher, Personalization",Boston,https://www.lifeatspotify.com/jobs/user-researcher-personalization
433,"Senior Web Engineer, Advertising",New York or Remote Americas,https://www.lifeatspotify.com/jobs/web-engineer-advertising
434,"Legal Counsel, Platform Liability & Enforcement",New York,https://www.lifeatspotify.com/jobs/legal-counsel-content-compliance
435,"Senior Data Engineer, Machine Learning Platform",New York or Remote Americas,https://www.lifeatspotify.com/jobs/senior-data-engineer-machine-learning-platform
436,"Systems Backend Engineer, Sales Operations, Advertising",New York or Remote Americas,https://www.lifeatspotify.com/jobs/systems-backend-engineer-sales-operations-advertising
437,"Web/Full Stack Systems Engineer, Sales Operations, Advertising",New York or Remote Americas,https://www.lifeatspotify.com/jobs/web-full-stack-systems-engineer-sales-operations-advertising
438,"Android Engineer, Talk",Toronto or Remote Americas,https://www.lifeatspotify.com/jobs/android-engineer-talk
439,"Senior Product Manager, Sales Operations, Advertising",New York or Remote Americas,https://www.lifeatspotify.com/jobs/senior-product-manager-sales-operations-advertising-pre-sale
440,"Senior Product Manager, Sales Operations, Advertising",New York or Remote Americas,https://www.lifeatspotify.com/jobs/senior-product-manager-sales-operations-advertising-post-sale
441,"Senior Product Manager Playlist Experience, Consumer Experience",London or Remote EMEA,https://www.lifeatspotify.com/jobs/senior-product-manager-playlist-experience-consumer-experience
442,"Senior Data Engineer, Personalization",New York or Remote Americas,https://www.lifeatspotify.com/jobs/senior-data-engineer-personalization-4
443,Artist & Label Partnerships Coordinator (Contractor),Tokyo,https://www.lifeatspotify.com/jobs/artist-label-partnerships-coordinator-contractor
444,"Site Reliability Engineer, Advertising",New York or Remote Americas,https://www.lifeatspotify.com/jobs/site-reliability-engineer-advertising
445,"Software Engineer, Test, Advertising",New York or Remote Americas,https://www.lifeatspotify.com/jobs/software-engineer-test-advertising
446,"Data Scientist, Freemium Innovation",New York or Remote Americas,https://www.lifeatspotify.com/jobs/data-scientist-freemium-innovation
447,"Senior Engineering Manager, DataX",London,https://www.lifeatspotify.com/jobs/senior-engineering-manager-datax
448,"Senior Product Manager Data Platforms, Consumer Experience",Berlin or Remote EMEA,https://www.lifeatspotify.com/jobs/senior-product-manager-data-platforms-consumer-experience
449,"Product Manager, Data Processing",Stockholm or Remote EMEA,https://www.lifeatspotify.com/jobs/product-manager-data-processing
450,Senior Engineering Manager,Stockholm or Remote EMEA,https://www.lifeatspotify.com/jobs/senior-engineering-manager
451,"Data Scientist, Growth",London or Remote EMEA,https://www.lifeatspotify.com/jobs/data-scientist-growth
452,"Data Engineer, Composer",Stockholm or Remote EMEA,https://www.lifeatspotify.com/jobs/data-engineer-composer
453,"Full Stack Engineer, Data Foundations",New York or Remote Americas,https://www.lifeatspotify.com/jobs/full-stack-engineer-data-foundations
454,"Data Scientist, Music Vertical Platform",New York or Remote Americas,https://www.lifeatspotify.com/jobs/data-scientist-music-vertical-platform
455,"Senior Web Engineer, Freemium",New York or Remote Americas,https://www.lifeatspotify.com/jobs/senior-web-engineer-freemium
456,Senior Engineer,New York or Remote Americas,https://www.lifeatspotify.com/jobs/senior-backend-engineer-2
457,"Senior Data Engineer , Experience",New York or Remote Americas,https://www.lifeatspotify.com/jobs/data-engineer-experience-2
458,"Senior Data Engineer, Creator Studio",New York or Remote Americas,https://www.lifeatspotify.com/jobs/data-engineer-creator-studio
459,"Data Engineer, Personalization",New York or Remote Americas,https://www.lifeatspotify.com/jobs/data-engineer-personalization-3
460,"iOS Engineer, Consumer Experience",New York or Remote Americas,https://www.lifeatspotify.com/jobs/ios-engineer-consumer-experience-3
461,"Data Scientist, Spotify For Artists",New York or Remote Americas,https://www.lifeatspotify.com/jobs/data-scientist-spotify-for-artists
462,"Full Stack Web Engineer, Platform",New York or Remote Americas,https://www.lifeatspotify.com/jobs/web-engineer-platform
463,"Backend Engineer, Audiobooks & Gated Content",Stockholm or Remote EMEA,https://www.lifeatspotify.com/jobs/backend-engineer-audiobooks-gated-content
464,"Senior Data Scientist, Spotify For Artists",New York or Remote Americas,https://www.lifeatspotify.com/jobs/senior-data-scientist-spotify-for-artists
465,"Backend Engineer, Personalization",London or Remote EMEA,https://www.lifeatspotify.com/jobs/backend-engineer-personalization
466,"Backend Engineer, Data Infrastructure",Stockholm or Remote EMEA,https://www.lifeatspotify.com/jobs/senior-backend-engineer-data-infrastructure
467,"Experienced Data Engineer, Talk",New York or Remote Americas,https://www.lifeatspotify.com/jobs/experienced-data-engineer-talk
468,"Senior Data Engineer, Platform",New York or Remote Americas,https://www.lifeatspotify.com/jobs/senior-data-engineer-platform
469,"Android Engineer, Consumer Experience",Amsterdam or Remote EMEA,https://www.lifeatspotify.com/jobs/android-engineer-consumer-experience-4
470,"Data Scientist, Growth Insights, Audiobooks & Gated Content",New York or Remote Americas,https://www.lifeatspotify.com/jobs/data-scientist-business-insights-audiobooks-gated-content
471,"Data Scientist, Product, Audiobooks & Gated Content",New York or Remote EMEA,https://www.lifeatspotify.com/jobs/data-scientist-product-audiobooks-gated-content
472,"Account Director, Vertical, Germany",D√ºsseldorf,https://www.lifeatspotify.com/jobs/account-director-vertical-germany
473,"Engineering Manager, Advertising Technology",New York or Remote Americas,https://www.lifeatspotify.com/jobs/engineering-manager-advertising-technology
474,"Senior Backend/Data Engineer, Insights Platform",New York or Remote Americas,https://www.lifeatspotify.com/jobs/data-engineer-insights-platform
475,"Machine Learning Engineering Manager, Ad Technology",New York or Remote Americas,https://www.lifeatspotify.com/jobs/machine-learning-engineering-manager-ad-technology
476,"Data Engineer, Native Ads",New York or Remote Americas,https://www.lifeatspotify.com/jobs/data-backend-engineer-native-ads
477,"Legal Counsel, Music Licensing",New York,https://www.lifeatspotify.com/jobs/legal-counsel-music-licensing
478,"Data Engineer, Music Vertical Platform, Music Insights for Creators Platform Team",New York or Remote Americas,https://www.lifeatspotify.com/jobs/data-engineer-music-vertical-platform-music-insight-for-creators-platform-team
479,"Senior Backend Engineer, Insights Platform",New York or Remote Americas,https://www.lifeatspotify.com/jobs/backend-engineer-insights-platform
480,"Lead Data Scientist, Marketing Analytics",New York or Remote Americas,https://www.lifeatspotify.com/jobs/lead-data-scientist-marketing-analytics
481,"Senior Business Intelligence Analyst, Personalization",Stockholm or Remote EMEA,https://www.lifeatspotify.com/jobs/senior-business-intelligence-analyst-personalization
482,"Staff Engineer, Financial Services",London or Remote EMEA,https://www.lifeatspotify.com/jobs/staff-engineer-architect
483,"Director of Engineering, Sales Tools",New York or Remote Americas,https://www.lifeatspotify.com/jobs/director-of-engineering-sales-tools
484,"Manager, Initiatives, Procure to Pay",New York,https://www.lifeatspotify.com/jobs/manager-initiatives-procure-to-pay
485,"Account Director, Agency Lead, Berlin",Berlin,https://www.lifeatspotify.com/jobs/account-director-agency
486,"Senior Backend Engineer, Personalization",New York or Remote Americas,https://www.lifeatspotify.com/jobs/senior-backend-engineer-chemistry-personalization
487,"Android Performance Engineer, Main App Quality",New York or Remote Americas,https://www.lifeatspotify.com/jobs/android-performance-engineer-platform
488,"Engineering Manager, Mobile App Performance",New York or Remote Americas,https://www.lifeatspotify.com/jobs/engineering-manager-mobile-performance-engineering
489,"Android Engineer, Consumer Experience",Washington D.C. or Remote Americas,https://www.lifeatspotify.com/jobs/android-engineer-consumer-experience-2
490,"Senior Android Engineer, Consumer Experience",Berlin or Remote EMEA,https://www.lifeatspotify.com/jobs/senior-android-engineer-consumer-experience
491,"Senior Engineer, Data Foundations",Stockholm or Remote EMEA,https://www.lifeatspotify.com/jobs/senior-engineer-data-foundations
492,"Experienced Web Engineer, Podcast Creation Tools",New York or Remote Americas,https://www.lifeatspotify.com/jobs/experienced-web-engineer-podcast-creation-tools
493,"Data Scientist, Spotify Advertising",New York or Remote Americas,https://www.lifeatspotify.com/jobs/data-scientist-spotify-advertising
494,"Senior Product Director, Personalization",Boston or Remote Americas,https://www.lifeatspotify.com/jobs/senior-product-director-personalization
495,Client Partner Japan,Tokyo,https://www.lifeatspotify.com/jobs/account-director-japan
496,"Marketing Manager, Poland",Milan,https://www.lifeatspotify.com/jobs/marketing-manager-poland
497,"Experienced Web Engineer, Live Creation Tools",New York or Remote Americas,https://www.lifeatspotify.com/jobs/experience-web-engineer-live-creation-tools
498,"Senior User Researcher, Personalization",Stockholm,https://www.lifeatspotify.com/jobs/senior-user-researcher-personalization
499,"Senior Product Manager Discovery & Distribution, Consumer Experience",London or Remote EMEA,https://www.lifeatspotify.com/jobs/senior-product-manager-discovery-distribution-consumer-experience
500,"Android Engineer, Talk",New York or Remote Americas,https://www.lifeatspotify.com/jobs/android-engineer-talk-vertical
501,"Full Stack Engineer, User Platform",London or Remote EMEA,https://www.lifeatspotify.com/jobs/full-stack-engineer-user-platform
502,"Backend Engineer, User Platform",London or Remote EMEA,https://www.lifeatspotify.com/jobs/backend-engineer-user-platform
503,"Engineering Manager, Commerce Platform",London or Remote EMEA,https://www.lifeatspotify.com/jobs/engineering-manager-commerce-platform
504,"Senior Full Stack Engineer, Machine Learning Platform",New York or Remote Americas,https://www.lifeatspotify.com/jobs/full-stack-engineer-machine-learning-platform
505,"Data Scientist or Senior Data Scientist, Experience",Madrid or Remote EMEA,https://www.lifeatspotify.com/jobs/data-scientist-experience
506,"Backend Engineer, Observability Infrastructure",New York or Remote Americas,https://www.lifeatspotify.com/jobs/backend-engineer-observability-infrastructure-2
507,"Manager, Accounting, Consolidations",New York,https://www.lifeatspotify.com/jobs/manager-accounting-consolidations
508,"Machine Learning Engineering Manager, Freemium",Stockholm or Remote EMEA,https://www.lifeatspotify.com/jobs/machine-learning-engineering-manager-freemium
509,"Senior Analyst, FP&A, Consolidations & New Initiatives",New York,https://www.lifeatspotify.com/jobs/senior-analyst-fpa-consolidations-new-initiatives
510,"Senior or Staff Data Scientist, Spotify Advertising",New York or Remote Americas,https://www.lifeatspotify.com/jobs/senior-or-staff-data-scientist-spotify-advertising
511,"Engineering Manager, Freemium",Stockholm or Remote EMEA,https://www.lifeatspotify.com/jobs/engineering-manager-freemium-remote-eligible-emea
512,"Lead Data Scientist, Payments Analytics",London or Remote EMEA,https://www.lifeatspotify.com/jobs/lead-data-scientist-payment-analytics
513,"Data Engineer, Freemium",Stockholm or Remote EMEA,https://www.lifeatspotify.com/jobs/data-engineer-freemium
514,"Senior Product designer, Strategy/UX, Platform and Partner Experience",Stockholm or Remote EMEA,https://www.lifeatspotify.com/jobs/product-designer-strategy-ux-platform-and-partner-experience
515,"Senior Product Designer, UX/UI, Platform and Partner Experience",Stockholm or Remote EMEA,https://www.lifeatspotify.com/jobs/product-designer-ux-ui-platform-and-partner-experience
516,"Security Engineer, Application Security",Stockholm or Remote EMEA,https://www.lifeatspotify.com/jobs/security-engineer-application-security
517,"Security Engineer, Cloud Infrastructure",Stockholm or Remote EMEA,https://www.lifeatspotify.com/jobs/security-engineer-cloud-infrastructure
518,"Android Engineer, Freemium",London or Remote EMEA,https://www.lifeatspotify.com/jobs/android-engineer-freemium-mission
519,"Manager, Technical Accounting, Labels and Podcasts",New York,https://www.lifeatspotify.com/jobs/manager-technical-accounting-labels-and-podcasts
520,"Security Engineer, Application Security",New York or Remote Americas,https://www.lifeatspotify.com/jobs/security-engineer-product
521,"Growth Marketing Manager, Spotify For Artists",New York or Remote Americas,https://www.lifeatspotify.com/jobs/growth-marketing-manager-spotify-for-artists
522,"Engineering Manager, Data & Insights",Stockholm or Remote EMEA,https://www.lifeatspotify.com/jobs/engineering-manager-data-insights
523,"Android Infrastructure Engineer, Developer Experience",Amsterdam or Remote EMEA,https://www.lifeatspotify.com/jobs/android-engineer-developer-experience
524,"Backend Engineer, Data Foundations Platform",New York or Remote Americas,https://www.lifeatspotify.com/jobs/backend-engineer-data-foundations-platform-remote-eligible-americas
525,"Data Engineer, Data and Metrics",Stockholm or Remote EMEA,https://www.lifeatspotify.com/jobs/data-engineer-data-and-metrics
526,"Data Scientist, Personalization Knowledge",New York or Remote Americas,https://www.lifeatspotify.com/jobs/senior-data-scientist-personalization-platform
527,Campaign Manager Japan,Tokyo,https://www.lifeatspotify.com/jobs/campaign-manager-japan
528,"Senior Backend Engineer, User Platform",London or Remote EMEA,https://www.lifeatspotify.com/jobs/senior-backend-engineer-user-platform
529,"Machine Learning Engineering Manager, Content Intelligence",New York or Remote Americas,https://www.lifeatspotify.com/jobs/engineering-manager-content-platform
530,"Senior Data Scientist, Personalization",Amsterdam,https://www.lifeatspotify.com/jobs/senior-data-scientist-personalization
531,"Data Engineer, Royalties and Reporting",Stockholm or Remote EMEA,https://www.lifeatspotify.com/jobs/data-engineer-royalties-and-reporting
532,"Senior Data Scientist, Personalization",Stockholm,https://www.lifeatspotify.com/jobs/data-scientist-personalization-2
533,"Senior Data Scientist, Personalization",New York or Remote Americas,https://www.lifeatspotify.com/jobs/data-scientist-personalization
534,"Senior Data Engineer, Composer",London or Remote EMEA,https://www.lifeatspotify.com/jobs/senior-data-engineer-composer
535,"Senior Backend Engineer, Platform",New York or Remote Americas,https://www.lifeatspotify.com/jobs/senior-backend-engineer-platform
536,Senior Learning & Development Specialist APAC,Singapore,https://www.lifeatspotify.com/jobs/learning-development-specialist-apac
537,"Senior Analytics Engineer, Central Insights Personalization",New York,https://www.lifeatspotify.com/jobs/analytics-engineer-personalization
538,"Data Engineer, Royalties & Reporting",New York or Remote Americas,https://www.lifeatspotify.com/jobs/data-engineer-royalties-reporting
539,"Backend Engineer, Experimentation Platform",Stockholm or Remote EMEA,https://www.lifeatspotify.com/jobs/senior-backend-engineer-experimentation-platform
540,"Android Engineer, Spotify Live",New York or Remote Americas,https://www.lifeatspotify.com/jobs/android-engineer-greenroom
541,Account Manager (Media Planner) Japan,Tokyo,https://www.lifeatspotify.com/jobs/account-manager-japan
542,"Data Scientist, Search Insights",Stockholm,https://www.lifeatspotify.com/jobs/data-scientist-search-insights
543,"Analyst, FP&A",New York,https://www.lifeatspotify.com/jobs/analyst-fpa
544,"Data Engineer, Creator Studio, Music Mission",New York or Remote Americas,https://www.lifeatspotify.com/jobs/experienced-data-engineer-creator-studio
545,"Engineering Manager, Commerce Platform",Stockholm or Remote EMEA,https://www.lifeatspotify.com/jobs/engineering-manager-commerce-platform-emea
546,"Senior Technical Accountant, Financial Reporting",New York,https://www.lifeatspotify.com/jobs/senior-analyst-technical-accounting
547,"Senior Data Scientist, Programming Responsibility",New York or Remote Americas,https://www.lifeatspotify.com/jobs/senior-data-scientist-programming-responsibility
548,"Senior Full Stack Engineer, User Platform",Stockholm or Remote EMEA,https://www.lifeatspotify.com/jobs/senior-full-stack-engineer-user-platform-remote-eligible-emea
549,"Senior Analyst, FP&A",New York,https://www.lifeatspotify.com/jobs/senior-analyst-fpa-2
550,"Data Scientist or Senior Data Scientist, Experience",Amsterdam or Remote EMEA,https://www.lifeatspotify.com/jobs/senior-data-scientist-consumer-experience
551,"Associate Director, Business Affairs, Studio Content",Los Angeles,https://www.lifeatspotify.com/jobs/associate-director-business-affairs-studio-content
552,"Senior Data Science Manager, Personalization",London or Remote EMEA,https://www.lifeatspotify.com/jobs/product-insights-manager-programming-platform-remote-eligible-emea
553,"iOS Engineer, Talk",New York or Remote Americas,https://www.lifeatspotify.com/jobs/ios-engineer-podcaster-mission
554,"Backend Engineer, Consumer Experience",Amsterdam or Remote EMEA,https://www.lifeatspotify.com/jobs/backend-engineer-consumer-experience-mission
555,"Experienced Backend Engineer, Podcast Creation Tools",New York or Remote Americas,https://www.lifeatspotify.com/jobs/senior-backend-engineer-podcaster-mission
556,Data Scientist - Consumer Experience,,https://www.lifeatspotify.com/jobs/data-scientist-consumer-experience-2
